{
  "fn": {
    "prefix": "fn",
    "body": "fn name [])",
    "description": "Create a function"
  },
  "let": {
    "prefix": "let",
    "body": "let [])",
    "description": "Create a variable"
  },
  "while": {
    "prefix": "while",
    "body": "while (condition)\n())",
    "description": "Create a while loop"
  },
  "var": {
    "prefix": "var",
    "body": "var name value)",
    "description": "Create a variable with var"
  },
  "local": {
    "prefix": "local",
    "body": "local name value)",
    "description": "Create a variable with local"
  },
  "for": {
    "prefix": "for",
    "body": "for [i 1 10]\n())",
    "description": "Create a while loop"
  },
  "global": {
    "prefix": "global",
    "body": "global )",
    "description": "Create a global"
  },
  "require": {
    "prefix": "require",
    "body": "require :module)",
    "description": "Require a module"
  },
  "set": {
    "prefix": "set",
    "body": "set tb value)",
    "description": "Set a value in a table"
  }
}
