{
  "diso": {
    "prefix": "diso",
    "body": ["${CURRENT_YEAR}-${CURRENT_MONTH}-${CURRENT_DATE}T${CURRENT_HOUR}:${CURRENT_MINUTE}:${CURRENT_SECOND}"],
    "description": "ISO date time stamp"
  },
  "Lorem Ipsum Sentence": {
    "prefix": "loremSent",
    "body": "Lorem ipsum dolor sit amet, qui minim labore adipisicing minim sint cillum sint consectetur cupidatat.",
    "description": "Lorem Ipsum Sentence"
  },
  "Lorem Ipsum Paragraph": {
    "prefix": "loremPara",
    "body": "Lorem ipsum dolor sit amet, officia excepteur ex fugiat reprehenderit enim labore culpa sint ad nisi Lorem pariatur mollit ex esse exercitation amet. Nisi anim cupidatat excepteur officia. Reprehenderit nostrud nostrud ipsum Lorem est aliquip amet voluptate voluptate dolor minim nulla est proident. Nostrud officia pariatur ut officia. Sit irure elit esse ea nulla sunt ex occaecat reprehenderit commodo officia dolor Lorem duis laboris cupidatat officia voluptate. Culpa proident adipisicing id nulla nisi laboris ex in Lorem sunt duis officia eiusmod. Aliqua reprehenderit commodo ex non excepteur duis sunt velit enim. Voluptate laboris sint cupidatat ullamco ut ea consectetur et est culpa et culpa duis.",
    "description": "Lorem Ipsum Paragraph"
  },
  "MIT": {
    "prefix": "mitl" ,
    "description": "MIT License",
    "body": [
      "The MIT License (MIT)",
      "",
      "Copyright (c) ${CURRENT_YEAR} ${0:Author}",
      "",
      "Permission is hereby granted, free of charge, to any person obtaining a copy",
      "of this software and associated documentation files (the \"Software\"), to deal",
      "in the Software without restriction, including without limitation the rights",
      "to use, copy, modify, merge, publish, distribute, sublicense, and/or sell",
      "copies of the Software, and to permit persons to whom the Software is",
      "furnished to do so, subject to the following conditions:",
      "",
      "The above copyright notice and this permission notice shall be included in all",
      "copies or substantial portions of the Software.",
      "",
      "THE SOFTWARE IS PROVIDED \"AS IS\", WITHOUT WARRANTY OF ANY KIND, EXPRESS OR",
      "IMPLIED, INCLUDING BUT NOT LIMITED TO THE WARRANTIES OF MERCHANTABILITY,",
      "FITNESS FOR A PARTICULAR PURPOSE AND NONINFRINGEMENT. IN NO EVENT SHALL THE",
      "AUTHORS OR COPYRIGHT HOLDERS BE LIABLE FOR ANY CLAIM, DAMAGES OR OTHER",
      "LIABILITY, WHETHER IN AN ACTION OF CONTRACT, TORT OR OTHERWISE, ARISING FROM,",
      "OUT OF OR IN CONNECTION WITH THE SOFTWARE OR THE USE OR OTHER DEALINGS IN THE",
      "SOFTWARE."
    ]
  }
}
